{
  "swagger": "2.0",
  "info": {
    "version": "1.0.0",
    "title": "NE NodeJS Rest API",
    "description": ""
  },
  "host": "localhost:5006",
  "basePath": "/api/v1",
  "tags": [
    {
      "name": "Auth",
      "description": "Authentication endpoints"
    },
    {
      "name": "Users",
      "description": "Users endpoints"
    }
  ],
  "schemes": [
    "http"
  ],
  "securityDefinitions": {
    "bearerAuth": {
      "type": "apiKey",
      "name": "Authorization",
      "in": "header"
    }
  },
  "consumes": [
    "application/json"
  ],
  "produces": [
    "application/json"
  ],
  "paths": {
    "/auth/login": {
      "post": {
        "tags": [
          "Auth"
        ],
        "description": "",
        "parameters": [
          {
            "name": "body",
            "in": "body",
            "schema": {
              "type": "object",
              "properties": {
                "email": {
                  "example": "any"
                },
                "password": {
                  "example": "any"
                }
              }
            }
          }
        ],
        "responses": {
          "default": {
            "description": ""
          }
        },
        "security": [
          {
            "bearerAuth": []
          }
        ]
      }
    },
    "/auth/initiate-reset-password": {
      "patch": {
        "tags": [
          "Auth"
        ],
        "description": "",
        "parameters": [
          {
            "name": "body",
            "in": "body",
            "schema": {
              "type": "object",
              "properties": {
                "email": {
                  "example": "any"
                }
              }
            }
          }
        ],
        "responses": {
          "default": {
            "description": ""
          }
        },
        "security": [
          {
            "bearerAuth": []
          }
        ]
      }
    },
    "/auth/reset-password": {
      "patch": {
        "tags": [
          "Auth"
        ],
        "description": "",
        "parameters": [
          {
            "name": "body",
            "in": "body",
            "schema": {
              "type": "object",
              "properties": {
                "password": {
                  "example": "any"
                },
                "code": {
                  "example": "any"
                }
              }
            }
          }
        ],
        "responses": {
          "default": {
            "description": ""
          }
        },
        "security": [
          {
            "bearerAuth": []
          }
        ]
      }
    },
    "/auth/initiate-email-verification": {
      "patch": {
        "tags": [
          "Auth"
        ],
        "description": "",
        "parameters": [
          {
            "name": "authorization",
            "in": "header",
            "type": "string"
          }
        ],
        "responses": {
          "default": {
            "description": ""
          }
        },
        "security": [
          {
            "bearerAuth": []
          }
        ]
      }
    },
    "/auth/verify-email/{code}": {
      "patch": {
        "tags": [
          "Auth"
        ],
        "description": "",
        "parameters": [
          {
            "name": "code",
            "in": "path",
            "required": true,
            "type": "string"
          },
          {
            "name": "authorization",
            "in": "header",
            "type": "string"
          }
        ],
        "responses": {
          "default": {
            "description": ""
          }
        },
        "security": [
          {
            "bearerAuth": []
          }
        ]
      }
    },
    "/user/create": {
      "post": {
        "tags": [
          "Users"
        ],
        "description": "",
        "parameters": [
          {
            "name": "body",
            "in": "body",
            "schema": {
              "type": "object",
              "properties": {
                "email": {
                  "example": "any"
                },
                "names": {
                  "example": "any"
                },
                "telephone": {
                  "example": "any"
                },
                "password": {
                  "example": "any"
                }
              }
            }
          }
        ],
        "responses": {
          "default": {
            "description": ""
          }
        },
        "security": [
          {
            "bearerAuth": []
          }
        ]
      }
    },
    "/user/update": {
      "put": {
        "tags": [
          "Users"
        ],
        "description": "",
        "parameters": [
          {
            "name": "authorization",
            "in": "header",
            "type": "string"
          },
          {
            "name": "body",
            "in": "body",
            "schema": {
              "type": "object",
              "properties": {
                "email": {
                  "example": "any"
                },
                "names": {
                  "example": "any"
                },
                "telephone": {
                  "example": "any"
                }
              }
            }
          }
        ],
        "responses": {
          "default": {
            "description": ""
          }
        },
        "security": [
          {
            "bearerAuth": []
          }
        ]
      }
    },
    "/user/me": {
      "get": {
        "tags": [
          "Users"
        ],
        "description": "",
        "parameters": [
          {
            "name": "authorization",
            "in": "header",
            "type": "string"
          }
        ],
        "responses": {
          "default": {
            "description": ""
          }
        },
        "security": [
          {
            "bearerAuth": []
          }
        ]
      },
      "delete": {
        "tags": [
          "Users"
        ],
        "description": "",
        "parameters": [
          {
            "name": "authorization",
            "in": "header",
            "type": "string"
          }
        ],
        "responses": {
          "default": {
            "description": ""
          }
        },
        "security": [
          {
            "bearerAuth": []
          }
        ]
      }
    },
    "/user/all": {
      "get": {
        "tags": [
          "Users"
        ],
        "description": "",
        "parameters": [
          {
            "name": "authorization",
            "in": "header",
            "type": "string"
          }
        ],
        "responses": {
          "default": {
            "description": ""
          }
        },
        "security": [
          {
            "bearerAuth": []
          }
        ]
      }
    },
    "/user/{id}": {
      "get": {
        "tags": [
          "Users"
        ],
        "description": "",
        "parameters": [
          {
            "name": "id",
            "in": "path",
            "required": true,
            "type": "string"
          }
        ],
        "responses": {
          "default": {
            "description": ""
          }
        },
        "security": [
          {
            "bearerAuth": []
          }
        ]
      }
    },
    "/user/search/{query}": {
      "get": {
        "tags": [
          "Users"
        ],
        "description": "",
        "parameters": [
          {
            "name": "query",
            "in": "path",
            "required": true,
            "type": "string"
          }
        ],
        "responses": {
          "default": {
            "description": ""
          }
        },
        "security": [
          {
            "bearerAuth": []
          }
        ]
      }
    },
    "/user/remove-avatar": {
      "delete": {
        "tags": [
          "Users"
        ],
        "description": "",
        "parameters": [
          {
            "name": "authorization",
            "in": "header",
            "type": "string"
          }
        ],
        "responses": {
          "default": {
            "description": ""
          }
        },
        "security": [
          {
            "bearerAuth": []
          }
        ]
      }
    },
    "/user/by-id/{id}": {
      "delete": {
        "tags": [
          "Users"
        ],
        "description": "",
        "parameters": [
          {
            "name": "id",
            "in": "path",
            "required": true,
            "type": "string"
          },
          {
            "name": "authorization",
            "in": "header",
            "type": "string"
          }
        ],
        "responses": {
          "default": {
            "description": ""
          }
        },
        "security": [
          {
            "bearerAuth": []
          }
        ]
      }
    },
    "/user/update-avatar": {
      "patch": {
        "tags": [
          "Users"
        ],
        "description": "",
        "parameters": [
          {
            "name": "authorization",
            "in": "header",
            "type": "string"
          },
          {
            "name": "body",
            "in": "body",
            "schema": {
              "type": "object",
              "properties": {
                "url": {
                  "example": "any"
                }
              }
            }
          }
        ],
        "responses": {
          "default": {
            "description": ""
          }
        },
        "security": [
          {
            "bearerAuth": []
          }
        ]
      }
    },
    "/user/update-password": {
      "patch": {
        "tags": [
          "Users"
        ],
        "description": "",
        "parameters": [
          {
            "name": "authorization",
            "in": "header",
            "type": "string"
          },
          {
            "name": "body",
            "in": "body",
            "schema": {
              "type": "object",
              "properties": {
                "oldPassword": {
                  "example": "any"
                },
                "newPassword": {
                  "example": "any"
                }
              }
            }
          }
        ],
        "responses": {
          "default": {
            "description": ""
          }
        },
        "security": [
          {
            "bearerAuth": []
          }
        ]
      }
    }
  }
}